{
    "iteration": 2,
    "optimizer_state": {
        "X": [
            {
                "window_size": 186,
                "lr": 0.0038100516090216695,
                "batch_size": 160,
                "epochs": 57,
                "pred_len": 5,
                "validation_size": 0.10876171274937296
            },
            {
                "window_size": 91,
                "lr": 0.004937777894882173,
                "batch_size": 92,
                "epochs": 104,
                "pred_len": 3,
                "validation_size": 0.23391101281917942
            }
        ],
        "y": [
            0.007783366993765864,
            0.012379449412640488
        ]
    },
    "results": [
        {
            "iteration": 1,
            "params": {
                "window_size": 186,
                "lr": 0.0038100516090216695,
                "batch_size": 160,
                "epochs": 57,
                "pred_len": 5,
                "validation_size": 0.10876171274937296
            },
            "score": 0.007783366993765864
        },
        {
            "iteration": 2,
            "params": {
                "window_size": 91,
                "lr": 0.004937777894882173,
                "batch_size": 92,
                "epochs": 104,
                "pred_len": 3,
                "validation_size": 0.23391101281917942
            },
            "score": 0.012379449412640488
        }
    ]
}