Dataset,Type,Algorithm,Status,Time,ErrorMsg,AUC-PR,AUC-ROC,VUS-PR,VUS-ROC,Standard-F1,PA-F1,Event-based-F1,R-based-F1,Affiliation-F
178_Exathlon_id_5_Facility_tr_12538_1st_12638.csv,Multivariate,PCA,Success,127.23517394065857,,0.9648183365821437,0.9982926550621615,0.9782225939259434,0.9987593553297438,0.9809624125728059,0.9959186197514068,0.9948760559479292,0.9145094879541187,0.9981379550633552
178_Exathlon_id_5_Facility_tr_12538_1st_12638.csv,Multivariate,OmniAnomaly,Success,75.30113291740417,,0.9647934611874389,0.9982661263397271,0.9781962605559796,0.9987559267498554,0.9809320552236523,0.9960110083799747,0.9948842032492217,0.9044065214974107,0.9981302681042294
178_Exathlon_id_5_Facility_tr_12538_1st_12638.csv,Multivariate,CNN,Success,42.81324005126953,,0.969554313736325,0.9971030317204962,0.9738676051089334,0.9980588792932955,0.9535747124868968,0.999255444561643,0.9938038385975512,0.34202483650094706,0.9966189166361882
178_Exathlon_id_5_Facility_tr_12538_1st_12638.csv,Multivariate,TCN,Success,364.36610102653503,,0.967030460424877,0.9967475829120855,0.9714376557614687,0.9975998346410672,0.946537241036534,0.999255444561643,0.9926423131534782,0.3533763786255443,0.9958748014838563
178_Exathlon_id_5_Facility_tr_12538_1st_12638.csv,Multivariate,LSTMAD,Success,251.79018902778625,,0.9707902218655726,0.9959149182506531,0.9764019020615253,0.9978728672797033,0.9548957444473833,0.9992244454785172,0.9937235126870869,0.37017119464705617,0.9963161549316686
