Dataset,Type,Algorithm,Status,Run,Time,TotalParams,ModelSizeMB,TrainableParams,ErrorMsg,AUC-PR,AUC-ROC,VUS-PR,VUS-ROC,Standard-F1,PA-F1,Event-based-F1,R-based-F1,Affiliation-F
178_Exathlon_id_5_Facility_tr_12538_1st_12638.csv,Multivariate,PCA,Success,2,46.8603138923645,NA,0.0,NA,,0.9648183365821437,0.9982926550621615,0.9782225939259434,0.9987593553297438,0.9809624125728059,0.9959186197514068,0.9948760559479292,0.9145094879541187,0.9981379550633552
178_Exathlon_id_5_Facility_tr_12538_1st_12638.csv,Multivariate,USAD,Success,2,6.400635719299316,NA,0.0,NA,,0.9573110798369224,0.9939915474410566,0.9745935843195473,0.9976782524990692,0.9781538840496105,0.9957338939037962,0.9947592067988663,0.8771802454278491,0.997868665398688
178_Exathlon_id_5_Facility_tr_12538_1st_12638.csv,Multivariate,OmniAnomaly,Success,2,36.87602114677429,NA,0.0,NA,,0.9647708004834918,0.9982619157189989,0.9781960975836287,0.9987558246539892,0.9809624125728059,0.9960110083799747,0.9948834958169116,0.904182412836111,0.9981302681042294
178_Exathlon_id_5_Facility_tr_12538_1st_12638.csv,Multivariate,LSTMAD,Success,2,252.45982432365417,NA,0.0,NA,,0.9606200182334956,0.9944893505336322,0.9667197703812406,0.9965956119429128,0.9532084331137026,0.99919344831865,0.9931292941911299,0.35526940512271005,0.9961309047217034
178_Exathlon_id_5_Facility_tr_12538_1st_12638.csv,Multivariate,DLinear,Success,2,3.6461479663848877,NA,0.0,NA,,0.2558013605845574,0.6263416292755603,0.25020001258494007,0.6284496275516281,0.35135003205785575,0.6854003291702973,0.49097990490071874,0.15946984571530914,0.8024831058000799
178_Exathlon_id_5_Facility_tr_12538_1st_12638.csv,Multivariate,KMeansAD,Success,2,11.37146520614624,NA,0.0,NA,,0.33767077229726095,0.8439480982714185,0.3485141744406813,0.8538100667077938,0.4867965631140225,0.9431089508974322,0.7236726826704043,0.3022937092560729,0.8376724032952308
178_Exathlon_id_5_Facility_tr_12538_1st_12638.csv,Multivariate,LOF,Success,2,11.308780908584595,NA,0.0,NA,,0.16234893680062934,0.5500438076955652,0.17076508478870822,0.5644391608065549,0.22481742952382883,0.43899383191981495,0.36363636363636326,0.11235552206532409,0.6747668576675138
178_Exathlon_id_5_Facility_tr_12538_1st_12638.csv,Multivariate,OCSVM,Success,2,6.085423946380615,NA,0.0,NA,,0.6300400982793981,0.9378430106216024,0.6445524162558649,0.9480495465527163,0.8020971125659137,0.9123353632629939,0.8673097534833863,0.654906272365853,0.9739936808691544
