Dataset,Type,Algorithm,Status,Run,Time,TotalParams,ModelSizeMB,TrainableParams,ErrorMsg,AUC-PR,AUC-ROC,VUS-PR,VUS-ROC,Standard-F1,PA-F1,Event-based-F1,R-based-F1,Affiliation-F
178_Exathlon_id_5_Facility_tr_12538_1st_12638.csv,Multivariate,PCA,Success,4,52.84150791168213,NA,0.0,NA,,0.9648183365821437,0.9982926550621615,0.9782225939259434,0.9987593553297438,0.9809624125728059,0.9959186197514068,0.9948760559479292,0.9145094879541187,0.9981379550633552
178_Exathlon_id_5_Facility_tr_12538_1st_12638.csv,Multivariate,USAD,Success,4,7.153431177139282,NA,0.0,NA,,0.9596278003591716,0.995713414326079,0.9761096177789393,0.9983189127784847,0.9788782991998122,0.9957338939037962,0.9947867464399421,0.8860295196881827,0.9978910552462544
178_Exathlon_id_5_Facility_tr_12538_1st_12638.csv,Multivariate,OmniAnomaly,Success,4,39.66708517074585,NA,0.0,NA,,0.9647741918949537,0.9982644042622836,0.9781968213527662,0.9987559622259531,0.9809016997533481,0.9960110083799747,0.9948834958169116,0.904182412836111,0.9981302681042294
178_Exathlon_id_5_Facility_tr_12538_1st_12638.csv,Multivariate,LSTMAD,Success,4,153.40744709968567,NA,0.0,NA,,0.9664660995670192,0.9962116651642801,0.9717771801570111,0.9980135613284542,0.9590734898422806,0.9992244454785172,0.9918519541499787,0.357030307210531,0.995327090013345
178_Exathlon_id_5_Facility_tr_12538_1st_12638.csv,Multivariate,DLinear,Success,4,8.44694995880127,NA,0.0,NA,,0.25427780416665763,0.6251349625007685,0.24728578948378852,0.6263796759994447,0.34997320592930603,0.6859648272854997,0.4836505424082148,0.14744140205626302,0.7998627209407725
178_Exathlon_id_5_Facility_tr_12538_1st_12638.csv,Multivariate,KMeansAD,Success,4,13.117750883102417,NA,0.0,NA,,0.3375949254682796,0.843858030299405,0.34842240663453067,0.8537169784091367,0.4867755402630333,0.9430537256624213,0.7236726826704043,0.3022937092560729,0.8376724032952308
178_Exathlon_id_5_Facility_tr_12538_1st_12638.csv,Multivariate,LOF,Success,4,12.122223138809204,NA,0.0,NA,,0.16234893680062934,0.5500438076955652,0.17076508478870822,0.5644391608065549,0.22481742952382883,0.43899383191981495,0.36363636363636326,0.11235552206532409,0.6747668576675138
178_Exathlon_id_5_Facility_tr_12538_1st_12638.csv,Multivariate,OCSVM,Success,4,6.24842095375061,NA,0.0,NA,,0.6300400982793981,0.9378430106216024,0.6445524162558649,0.9480495465527163,0.8020971125659137,0.9123353632629939,0.8673097534833863,0.654906272365853,0.9739936808691544
