Dataset,Type,Algorithm,Status,Run,Time,TotalParams,ModelSizeMB,TrainableParams,ErrorMsg,AUC-PR,AUC-ROC,VUS-PR,VUS-ROC,Standard-F1,PA-F1,Event-based-F1,R-based-F1,Affiliation-F
178_Exathlon_id_5_Facility_tr_12538_1st_12638.csv,Multivariate,PCA,Success,5,57.5043249130249,NA,0.0,NA,,0.9648183365821437,0.9982926550621615,0.9782225939259434,0.9987593553297438,0.9809624125728059,0.9959186197514068,0.9948760559479292,0.9145094879541187,0.9981379550633552
178_Exathlon_id_5_Facility_tr_12538_1st_12638.csv,Multivariate,USAD,Success,5,7.705286979675293,NA,0.0,NA,,0.9582214039260469,0.9945972116587624,0.9755111335885608,0.9979740692050026,0.9784091379895308,0.9957338939037962,0.9947621744054355,0.8797507834123336,0.9978899899968601
178_Exathlon_id_5_Facility_tr_12538_1st_12638.csv,Multivariate,OmniAnomaly,Success,5,40.888347148895264,NA,0.0,NA,,0.9647668073284834,0.9982602790179438,0.9781967656618049,0.9987558118279412,0.9809016997533481,0.9960110083799747,0.9948834958169116,0.9041824731235606,0.9981302681042294
178_Exathlon_id_5_Facility_tr_12538_1st_12638.csv,Multivariate,LSTMAD,Success,5,233.17934393882751,NA,0.0,NA,,0.9724331962291998,0.9976121849313409,0.9768470535642136,0.998286341591172,0.9563833955376057,0.9992244454785172,0.9931720475427795,0.36458257266944294,0.99613443558258
178_Exathlon_id_5_Facility_tr_12538_1st_12638.csv,Multivariate,DLinear,Success,5,7.7302470207214355,NA,0.0,NA,,0.24215893822340298,0.6252534470840383,0.24485944998331627,0.6316308372610352,0.3442578310821873,0.7388507871077787,0.5074693422519504,0.20075329596304764,0.803915040967659
178_Exathlon_id_5_Facility_tr_12538_1st_12638.csv,Multivariate,KMeansAD,Success,5,12.695400953292847,NA,0.0,NA,,0.16143154694871392,0.41334488679930925,0.16717760695313016,0.4299641826910891,0.23926383200819593,0.9422812509141971,0.7188447138527362,0.29824121420527766,0.832500017114424
178_Exathlon_id_5_Facility_tr_12538_1st_12638.csv,Multivariate,LOF,Success,5,12.412275075912476,NA,0.0,NA,,0.16234893680062934,0.5500438076955652,0.17076508478870822,0.5644391608065549,0.22481742952382883,0.43899383191981495,0.36363636363636326,0.11235552206532409,0.6747668576675138
178_Exathlon_id_5_Facility_tr_12538_1st_12638.csv,Multivariate,OCSVM,Success,5,6.279543161392212,NA,0.0,NA,,0.6300400982793981,0.9378430106216024,0.6445524162558649,0.9480495465527163,0.8020971125659137,0.9123353632629939,0.8673097534833863,0.654906272365853,0.9739936808691544
