Dataset,Type,Algorithm,Status,Run,Time,TotalParams,ModelSizeMB,TrainableParams,ErrorMsg,AUC-PR,AUC-ROC,VUS-PR,VUS-ROC,Standard-F1,PA-F1,Event-based-F1,R-based-F1,Affiliation-F
451_UCR_id_149_Medical_tr_3000_1st_7175.csv,Univariate,Sub_PCA,Success,4,0.36565518379211426,NA,0.0,NA,,0.014944437425205591,0.32154187532934947,0.025431833251297373,0.45147907701066187,0.055771127226719897,0.355,0.05968586387434549,0.3544747495888772,0.763754505366894
451_UCR_id_149_Medical_tr_3000_1st_7175.csv,Univariate,USAD,Success,4,0.3485748767852783,NA,0.0,NA,,0.01844395479810257,0.5578756894183176,0.0247008452517415,0.633783528129645,0.05129971350985484,0.18908122503328895,0.05121821091943797,0.06679725759059746,0.6977914668809185
451_UCR_id_149_Medical_tr_3000_1st_7175.csv,Univariate,OmniAnomaly,Success,4,2.201683759689331,NA,0.0,NA,,0.017481800210257643,0.4845933153856541,0.024647951694326,0.5995930946235657,0.048086755137355074,0.3981308411214953,0.05081216159933356,0.05780858280489604,0.7015660339328323
451_UCR_id_149_Medical_tr_3000_1st_7175.csv,Univariate,LSTMAD,Success,4,25.6945858001709,NA,0.0,NA,,0.01764893083767878,0.5083510878340942,0.024564655619363277,0.6088938539396093,0.037107459940201405,0.6553846153846153,0.036231884057970974,0.043565549086528814,0.7072173483589503
451_UCR_id_149_Medical_tr_3000_1st_7175.csv,Univariate,DLinear,Success,4,0.2691469192504883,NA,0.0,NA,,0.04617198149100536,0.6764727672047386,0.05610283357545959,0.7467539093291922,0.10525999809978002,0.988399071925754,0.4444444444444441,0.23787338996985477,0.8788749980246204
451_UCR_id_149_Medical_tr_3000_1st_7175.csv,Univariate,KMeansAD_U,Success,4,0.5398173332214355,NA,0.0,NA,,0.8573066469301812,0.9974257467545011,0.9715092817382543,0.9995675074565733,0.8486006923187235,1.0,0.9999999999999996,0.8469184890656064,0.99844398319925
451_UCR_id_149_Medical_tr_3000_1st_7175.csv,Univariate,Sub_LOF,Success,4,0.20794415473937988,NA,0.0,NA,,0.513873838425666,0.8525199441893292,0.7049126638696763,0.9295267008793201,0.7407358213982533,0.9815668202764977,0.9180327868852453,0.5945945945945946,0.997618319723564
451_UCR_id_149_Medical_tr_3000_1st_7175.csv,Univariate,Sub_OCSVM,Success,4,2.2172000408172607,NA,0.0,NA,,0.020723989622916123,0.5245179399123169,0.02715042455183822,0.620309783491338,0.04999691997609467,0.641566265060241,0.05664488017429188,0.05584760612740941,0.6693398861047026
