Dataset,Type,Algorithm,Status,Run,Time,TotalParams,ModelSizeMB,TrainableParams,ErrorMsg,AUC-PR,AUC-ROC,VUS-PR,VUS-ROC,Standard-F1,PA-F1,Event-based-F1,R-based-F1,Affiliation-F
451_UCR_id_149_Medical_tr_3000_1st_7175.csv,Univariate,Sub_PCA,Success,3,0.311298131942749,NA,0.0,NA,,0.014944437425205591,0.32154187532934947,0.025431833251297373,0.45147907701066187,0.055771127226719897,0.355,0.05968586387434549,0.3544747495888772,0.763754505366894
451_UCR_id_149_Medical_tr_3000_1st_7175.csv,Univariate,USAD,Success,3,0.3010702133178711,NA,0.0,NA,,0.015479771546330881,0.478683247358931,0.019554580332209952,0.5576766116004647,0.04033121708159591,0.219927723283428,0.040389365102426224,0.1168724279835391,0.6795671326197474
451_UCR_id_149_Medical_tr_3000_1st_7175.csv,Univariate,OmniAnomaly,Success,3,0.6526131629943848,NA,0.0,NA,,0.01747587689467759,0.48292042916701017,0.02455617414869503,0.5975790466160051,0.04984792869129803,0.4243027888446215,0.0524344569288389,0.08118223435868606,0.7043071875856487
451_UCR_id_149_Medical_tr_3000_1st_7175.csv,Univariate,LSTMAD,Success,3,20.871341705322266,NA,0.0,NA,,0.020188886058577743,0.5410948482672284,0.028234171572445402,0.6398330730312181,0.04536866739355932,0.8239845261121856,0.05925925925925919,0.08730637698652181,0.7414261084785675
451_UCR_id_149_Medical_tr_3000_1st_7175.csv,Univariate,DLinear,Success,3,0.6542360782623291,NA,0.0,NA,,0.040203599100831315,0.663256766924331,0.04774380210359561,0.7378450145323203,0.08888539716412593,0.9861111111111112,0.37499999999999967,0.2164228723404255,0.8787499683894415
451_UCR_id_149_Medical_tr_3000_1st_7175.csv,Univariate,KMeansAD_U,Success,3,0.49146199226379395,NA,0.0,NA,,0.8664028992408694,0.9976025947261863,0.9736291007187227,0.9996070188215407,0.8502945132770494,1.0,0.9999999999999996,0.8469184890656064,0.9983032336504686
451_UCR_id_149_Medical_tr_3000_1st_7175.csv,Univariate,Sub_LOF,Success,3,0.20839810371398926,NA,0.0,NA,,0.513873838425666,0.8525199441893292,0.7049126638696763,0.9295267008793201,0.7407358213982533,0.9815668202764977,0.9180327868852453,0.5945945945945946,0.997618319723564
451_UCR_id_149_Medical_tr_3000_1st_7175.csv,Univariate,Sub_OCSVM,Success,3,2.229519844055176,NA,0.0,NA,,0.020723989622916123,0.5245179399123169,0.02715042455183822,0.620309783491338,0.04999691997609467,0.641566265060241,0.05664488017429188,0.05584760612740941,0.6693398861047026
