Dataset,Type,Algorithm,Status,Run,Time,TotalParams,ModelSizeMB,TrainableParams,ErrorMsg,AUC-PR,AUC-ROC,VUS-PR,VUS-ROC,Standard-F1,PA-F1,Event-based-F1,R-based-F1,Affiliation-F
451_UCR_id_149_Medical_tr_3000_1st_7175.csv,Univariate,Sub_PCA,Success,2,0.36164093017578125,NA,0.0,NA,,0.014944437425205591,0.32154187532934947,0.025431833251297373,0.45147907701066187,0.055771127226719897,0.355,0.05968586387434549,0.3544747495888772,0.763754505366894
451_UCR_id_149_Medical_tr_3000_1st_7175.csv,Univariate,USAD,Success,2,0.3534679412841797,NA,0.0,NA,,0.014443658180497974,0.4384849864436471,0.018407448733944568,0.5186398638330825,0.038136817457920705,0.1632183908045977,0.03802789986623348,0.06216535401870117,0.7179945786059738
451_UCR_id_149_Medical_tr_3000_1st_7175.csv,Univariate,OmniAnomaly,Success,2,1.7309119701385498,NA,0.0,NA,,0.017530518526615115,0.4860331924524154,0.024877088585880076,0.6026173869196164,0.047636116529458705,0.4092219020172911,0.0504966887417218,0.06051202482544607,0.6945095758449902
451_UCR_id_149_Medical_tr_3000_1st_7175.csv,Univariate,LSTMAD,Success,2,25.013646125793457,NA,0.0,NA,,0.019848172744122136,0.5310218825466586,0.028989243536345716,0.6386224942184263,0.04671270257182151,0.7041322314049587,0.05207485760781117,0.051504040777269326,0.7076832865260265
451_UCR_id_149_Medical_tr_3000_1st_7175.csv,Univariate,DLinear,Success,2,0.5810129642486572,NA,0.0,NA,,0.04322276597292409,0.6619656572391562,0.05067925294472118,0.7396107623942858,0.10272866861832254,0.9861111111111112,0.36363636363636326,0.21258878275777615,0.8787499683894415
451_UCR_id_149_Medical_tr_3000_1st_7175.csv,Univariate,KMeansAD_U,Success,2,0.4843480587005615,NA,0.0,NA,,0.8570230192984641,0.9974209670795907,0.9715092817382543,0.9995675074565733,0.8486006923187235,1.0,0.9999999999999996,0.8469184890656064,0.99844398319925
451_UCR_id_149_Medical_tr_3000_1st_7175.csv,Univariate,Sub_LOF,Success,2,0.20913004875183105,NA,0.0,NA,,0.513873838425666,0.8525199441893292,0.7049126638696763,0.9295267008793201,0.7407358213982533,0.9815668202764977,0.9180327868852453,0.5945945945945946,0.997618319723564
451_UCR_id_149_Medical_tr_3000_1st_7175.csv,Univariate,Sub_OCSVM,Success,2,2.279052972793579,NA,0.0,NA,,0.020723989622916123,0.5245179399123169,0.02715042455183822,0.620309783491338,0.04999691997609467,0.641566265060241,0.05664488017429188,0.05584760612740941,0.6693398861047026
