Dataset,Type,Algorithm,Status,Run,Time,TotalParams,ModelSizeMB,TrainableParams,ErrorMsg,AUC-PR,AUC-ROC,VUS-PR,VUS-ROC,Standard-F1,PA-F1,Event-based-F1,R-based-F1,Affiliation-F
178_Exathlon_id_5_Facility_tr_12538_1st_12638.csv,Multivariate,PCA,Success,1,46.922353982925415,NA,0.0,NA,,0.9648183365821437,0.9982926550621615,0.9782225939259434,0.9987593553297438,0.9809624125728059,0.9959186197514068,0.9948760559479292,0.9145094879541187,0.9981379550633552
178_Exathlon_id_5_Facility_tr_12538_1st_12638.csv,Multivariate,USAD,Success,1,4.347333192825317,NA,0.0,NA,,0.9582185914429959,0.9947109063795686,0.9753621042042893,0.9980217740827623,0.9781720704145834,0.9957338939037962,0.994782365094372,0.8957634130294768,0.9978650471113452
178_Exathlon_id_5_Facility_tr_12538_1st_12638.csv,Multivariate,OmniAnomaly,Success,1,34.038347005844116,NA,0.0,NA,,0.9647893314793905,0.9982653390102025,0.9781962518376227,0.9987559177107289,0.9809005179793001,0.9960110083799747,0.9948842032492217,0.9044065214974107,0.9981302681042294
178_Exathlon_id_5_Facility_tr_12538_1st_12638.csv,Multivariate,LSTMAD,Success,1,226.6196949481964,NA,0.0,NA,,0.9649688465731867,0.9940057509425471,0.9708129989602383,0.9969002124085652,0.9487513120565673,0.99919344831865,0.9937323089365138,0.35850391963218076,0.9964621132222276
178_Exathlon_id_5_Facility_tr_12538_1st_12638.csv,Multivariate,DLinear,Success,1,3.7585608959198,NA,0.0,NA,,0.24731345305810076,0.6220942870919477,0.2455061625133699,0.6263253334056912,0.3449272222857303,0.6860479201492357,0.4853897893924352,0.1879994459341498,0.8012250703226524
178_Exathlon_id_5_Facility_tr_12538_1st_12638.csv,Multivariate,KMeansAD,Success,1,9.438721895217896,NA,0.0,NA,,0.2232551661170991,0.7103078674764748,0.22968359835631125,0.719635811637724,0.3700821973655016,0.9474922782762171,0.7332735426008963,0.2847054073551344,0.8509204978026099
178_Exathlon_id_5_Facility_tr_12538_1st_12638.csv,Multivariate,LOF,Success,1,10.39204216003418,NA,0.0,NA,,0.16234893680062934,0.5500438076955652,0.17076508478870822,0.5644391608065549,0.22481742952382883,0.43899383191981495,0.36363636363636326,0.11235552206532409,0.6747668576675138
178_Exathlon_id_5_Facility_tr_12538_1st_12638.csv,Multivariate,OCSVM,Success,1,6.126360893249512,NA,0.0,NA,,0.6300400982793981,0.9378430106216024,0.6445524162558649,0.9480495465527163,0.8020971125659137,0.9123353632629939,0.8673097534833863,0.654906272365853,0.9739936808691544
