Dataset,Type,Algorithm,Status,Run,Time,TotalParams,ModelSizeMB,TrainableParams,ErrorMsg,AUC-PR,AUC-ROC,VUS-PR,VUS-ROC,Standard-F1,PA-F1,Event-based-F1,R-based-F1,Affiliation-F
178_Exathlon_id_5_Facility_tr_12538_1st_12638.csv,Multivariate,PCA,Success,3,58.68986511230469,NA,0.0,NA,,0.9648183365821437,0.9982926550621615,0.9782225939259434,0.9987593553297438,0.9809624125728059,0.9959186197514068,0.9948760559479292,0.9145094879541187,0.9981379550633552
178_Exathlon_id_5_Facility_tr_12538_1st_12638.csv,Multivariate,USAD,Success,3,6.851083993911743,NA,0.0,NA,,0.9563375513158677,0.9931510937626777,0.9740656222018454,0.9973496608295682,0.9773008893180629,0.9957338939037962,0.9947643979057585,0.8767120715538196,0.9975470220923779
178_Exathlon_id_5_Facility_tr_12538_1st_12638.csv,Multivariate,OmniAnomaly,Success,3,51.22283697128296,NA,0.0,NA,,0.9647791081044846,0.9982652275542099,0.9781970173727546,0.998755974306935,0.9809308752919473,0.9960110083799747,0.9948838495575216,0.9044004997154221,0.9981302681042294
178_Exathlon_id_5_Facility_tr_12538_1st_12638.csv,Multivariate,LSTMAD,Success,3,282.36433696746826,NA,0.0,NA,,0.9663545994913894,0.9962125677931076,0.972547179097281,0.9977250718636053,0.9516244386565013,0.9992244454785172,0.9921079064428177,0.36944332299339894,0.9953319179532822
178_Exathlon_id_5_Facility_tr_12538_1st_12638.csv,Multivariate,DLinear,Success,3,3.8400180339813232,NA,0.0,NA,,0.2474201190074773,0.6254861078999645,0.2486532098828892,0.631866273580759,0.3457028164255414,0.7466513448486372,0.5232588023644301,0.2025200577407722,0.8034908954913696
178_Exathlon_id_5_Facility_tr_12538_1st_12638.csv,Multivariate,KMeansAD,Success,3,11.447591066360474,NA,0.0,NA,,0.33759674247584687,0.8438613662925651,0.34841922057302055,0.8537166494991242,0.48677655796855135,0.9430537256624213,0.7236726826704043,0.3022937092560729,0.8376724032952308
178_Exathlon_id_5_Facility_tr_12538_1st_12638.csv,Multivariate,LOF,Success,3,11.826066255569458,NA,0.0,NA,,0.16234893680062934,0.5500438076955652,0.17076508478870822,0.5644391608065549,0.22481742952382883,0.43899383191981495,0.36363636363636326,0.11235552206532409,0.6747668576675138
178_Exathlon_id_5_Facility_tr_12538_1st_12638.csv,Multivariate,OCSVM,Success,3,6.128667831420898,NA,0.0,NA,,0.6300400982793981,0.9378430106216024,0.6445524162558649,0.9480495465527163,0.8020971125659137,0.9123353632629939,0.8673097534833863,0.654906272365853,0.9739936808691544
