Dataset,Type,Algorithm,Status,Run,Time,TotalParams,ModelSizeMB,TrainableParams,ErrorMsg,AUC-PR,AUC-ROC,VUS-PR,VUS-ROC,Standard-F1,PA-F1,Event-based-F1,R-based-F1,Affiliation-F
451_UCR_id_149_Medical_tr_3000_1st_7175.csv,Univariate,Sub_PCA,Success,1,0.6160030364990234,NA,0.0,NA,,0.014944437425205591,0.32154187532934947,0.025431833251297373,0.45147907701066187,0.055771127226719897,0.355,0.05968586387434549,0.3544747495888772,0.763754505366894
451_UCR_id_149_Medical_tr_3000_1st_7175.csv,Univariate,USAD,Success,1,0.9030060768127441,NA,0.0,NA,,0.016149652276949186,0.46465450319063223,0.021039714115667216,0.5535885839376579,0.04059668974334942,0.5114045618247299,0.041310244105987846,0.11954834160510125,0.7256258418920576
451_UCR_id_149_Medical_tr_3000_1st_7175.csv,Univariate,OmniAnomaly,Success,1,2.4176111221313477,NA,0.0,NA,,0.017456900587999334,0.480743287245318,0.02468349756760718,0.5986415016865401,0.04814368516451241,0.42011834319526625,0.04941482444733414,0.07022828622899502,0.7046894469747866
451_UCR_id_149_Medical_tr_3000_1st_7175.csv,Univariate,LSTMAD,Success,1,16.55254340171814,NA,0.0,NA,,0.021050621924396006,0.5485101155844885,0.03039644380752815,0.6515244372614719,0.04554078477585064,0.841897233201581,0.0555555555555555,0.08747753145596165,0.7460728397799943
451_UCR_id_149_Medical_tr_3000_1st_7175.csv,Univariate,DLinear,Success,1,0.5342247486114502,NA,0.0,NA,,0.04686294208934852,0.6717926688549611,0.053843385055839584,0.7432520981882395,0.09949750563297975,0.988399071925754,0.39999999999999963,0.22452146921883084,0.8788749980246204
451_UCR_id_149_Medical_tr_3000_1st_7175.csv,Univariate,KMeansAD_U,Success,1,0.9489667415618896,NA,0.0,NA,,0.8563019303959143,0.9973767550866695,0.9705919664046504,0.9995522217359984,0.8385778074713937,1.0,0.9999999999999996,0.8369351669941061,0.9983155333711118
451_UCR_id_149_Medical_tr_3000_1st_7175.csv,Univariate,Sub_LOF,Success,1,0.19757604598999023,NA,0.0,NA,,0.513873838425666,0.8525199441893292,0.7049126638696763,0.9295267008793201,0.7407358213982533,0.9815668202764977,0.9180327868852453,0.5945945945945946,0.997618319723564
451_UCR_id_149_Medical_tr_3000_1st_7175.csv,Univariate,Sub_OCSVM,Success,1,2.2475030422210693,NA,0.0,NA,,0.020723989622916123,0.5245179399123169,0.02715042455183822,0.620309783491338,0.04999691997609467,0.641566265060241,0.05664488017429188,0.05584760612740941,0.6693398861047026
