Dataset,Type,Algorithm,Status,Time,ErrorMsg,AUC-PR,AUC-ROC,VUS-PR,VUS-ROC,Standard-F1,PA-F1,Event-based-F1,R-based-F1,Affiliation-F
451_UCR_id_149_Medical_tr_3000_1st_7175.csv,Univariate,DLinear,Success,1.050919771194458,,0.021864604855706207,0.5968744510842094,0.030682813183007113,0.6779624807673719,0.04882034829634783,0.8287937743190662,0.049639372083156504,0.06800908877223223,0.7510759365398153
178_Exathlon_id_5_Facility_tr_12538_1st_12638.csv,Multivariate,DLinear,Success,4.228453159332275,,0.9790273533737154,0.9977944154793684,0.9828072867749194,0.9986646266418133,0.9636201544079852,0.9990384913619305,0.9951489951489946,0.3709427934983461,0.9967618358056995
