{"batch_size":59,"_wandb":{"runtime":82},"_runtime":82.27658,"lr":0.0019482690570069745,"pred_len":4,"_step":9,"dataset_18_metrics":{"R-based-F1":0.4105448245196776,"Standard-F1":0.2217336557385424,"AUC-PR":0.14868179640543897,"Affiliation-F":0.689689653226106,"VUS-PR":0.15298048941708095,"Event-based-F1":0.3297963188400527,"VUS-ROC":0.5353614968641122,"PA-F1":0.72208397785101,"AUC-ROC":0.5275255274577988},"iteration":5,"validation_size":0.15643302388872865,"dataset":"178_Exathlon_id_5_Facility_tr_12538_1st_12638.csv","window_size":81,"epochs":116,"_timestamp":1.747739884769645e+09,"avg_vus_pr":0.0076490244708540475,"best_score_so_far":0.012379449412640488}